id,product_name,brand,category,price_krw,oliveyoung_url,image_url,ingredients,positive_reviews,negative_reviews,positive_reviews_en,negative_reviews_en,review_source_url
A000000254427,[100만장 돌파/단독기획] 프롬리에 EGF 피지팩 하이퍼 액티브 모공 피지 마스크 4+1 증정 기획세트,프롬리에,unknown,19900,https://www.oliveyoung.co.kr/store/goods/getGoodsDetail.do?goodsNo=A000000254427&dispCatNo=90000010001&trackingCd=Home_Curation1_1&curation=like&egcode=a016_t001&rccode=pc_main_01_c&egrankcode=38&t_page=%ED%99%88&t_click=%ED%81%90%EB%A0%88%EC%9D%B4%EC%85%981_%EC%83%81%ED%92%88%EC%83%81%EC%84%B8&t_number=1,/static/oliveyoung_snapshots/A00000025442710ko.jpg,,,,,,
A000000231885,[속건조필수템] 웰라쥬 리얼 히알루로닉 블루 100 앰플 75ml 2입 기획,웰라쥬,serum,29800,https://www.oliveyoung.co.kr/store/goods/getGoodsDetail.do?goodsNo=A000000231885&dispCatNo=90000010001&trackingCd=Home_Curation1_1&curation=like&egcode=a016_t001&rccode=pc_main_01_c&egrankcode=14&t_page=%ED%99%88&t_click=%ED%81%90%EB%A0%88%EC%9D%B4%EC%85%981_%EC%83%81%ED%92%88%EC%83%81%EC%84%B8&t_number=2,/static/oliveyoung_snapshots/A00000023188527ko.jpg,,,,,,
A000000158513,[리필기획] 메이크프렘 세이프 미 릴리프 모이스처 클렌징밀크 기획 (200ml+100ml 리필),메이크프렘,cleanser,21000,https://www.oliveyoung.co.kr/store/goods/getGoodsDetail.do?goodsNo=A000000158513&dispCatNo=90000010001&trackingCd=Home_Curation1_2&curation=like&egcode=a016_t001&rccode=pc_main_01_c&egrankcode=22&t_page=%ED%99%88&t_click=%ED%81%90%EB%A0%88%EC%9D%B4%EC%85%981_%EC%83%81%ED%92%88%EC%83%81%EC%84%B8&t_number=3,/static/oliveyoung_snapshots/A00000015851331ko.jpg,,,,,,
A000000255385,[6월 올영픽/한정기획] 메디힐 더마 토너패드 200매 대용량 7종 기획 골라담기 (+휴대용 케이스),메디힐,toner,28500,https://www.oliveyoung.co.kr/store/goods/getGoodsDetail.do?goodsNo=A000000255385&dispCatNo=90000010001&trackingCd=Home_Curation1_2&curation=like&egcode=a016_t001&rccode=pc_main_01_c&egrankcode=4&t_page=%ED%99%88&t_click=%ED%81%90%EB%A0%88%EC%9D%B4%EC%85%981_%EC%83%81%ED%92%88%EC%83%81%EC%84%B8&t_number=4,/static/oliveyoung_snapshots/A000000255385227ko.png,,,,,,
A000000254908,[NEW] 에스트라 아토베리어365 캡슐 토너 300ml,에스트라,toner,30000,https://www.oliveyoung.co.kr/store/goods/getGoodsDetail.do?goodsNo=A000000254908&dispCatNo=90000010001&trackingCd=Home_Curation1_3&curation=like&egcode=a016_t001&rccode=pc_main_01_c&egrankcode=25&t_page=%ED%99%88&t_click=%ED%81%90%EB%A0%88%EC%9D%B4%EC%85%981_%EC%83%81%ED%92%88%EC%83%81%EC%84%B8&t_number=5,/static/oliveyoung_snapshots/A00000025490809ko.jpg,,,,,,
A000000231589,[대용량] 제로이드 수딩 크림 80ml 기획 (+50ml),제로이드,moisturizer,34200,https://www.oliveyoung.co.kr/store/goods/getGoodsDetail.do?goodsNo=A000000231589&dispCatNo=90000010001&trackingCd=Home_Curation1_3&curation=like&egcode=a016_t001&rccode=pc_main_01_c&egrankcode=26&t_page=%ED%99%88&t_click=%ED%81%90%EB%A0%88%EC%9D%B4%EC%85%981_%EC%83%81%ED%92%88%EC%83%81%EC%84%B8&t_number=6,/static/oliveyoung_snapshots/A00000023158920ko.jpg,,,,,,
A000000246297,코페르 큐리페어 멜라크림 21ml 기획 (+4ml),코페르,moisturizer,28800,https://www.oliveyoung.co.kr/store/goods/getGoodsDetail.do?goodsNo=A000000246297&dispCatNo=90000010001&trackingCd=Home_Curation1_4&curation=like&egcode=a016_t001&rccode=pc_main_01_c&egrankcode=1&t_page=%ED%99%88&t_click=%ED%81%90%EB%A0%88%EC%9D%B4%EC%85%981_%EC%83%81%ED%92%88%EC%83%81%EC%84%B8&t_number=7,/static/oliveyoung_snapshots/A00000024629716ko.jpg,,,,,,
A000000255390,[6월 올영픽/한정기획] 메디힐 마데카소사이드 흔적 리페어 세럼 40+40mL (+랩핑 세럼 마스크 2매),메디힐,serum,21900,https://www.oliveyoung.co.kr/store/goods/getGoodsDetail.do?goodsNo=A000000255390&dispCatNo=90000010001&trackingCd=Home_Curation1_4&curation=like&egcode=a016_t001&rccode=pc_main_01_c&egrankcode=20&t_page=%ED%99%88&t_click=%ED%81%90%EB%A0%88%EC%9D%B4%EC%85%981_%EC%83%81%ED%92%88%EC%83%81%EC%84%B8&t_number=8,/static/oliveyoung_snapshots/A00000025539093ko.jpg,,,,,,
A000000255386,[생기톤업] 달바 워터풀 톤업 선크림 65ml + 65ml 대용량 기획세트,달바,sunscreen,39900,https://www.oliveyoung.co.kr/store/goods/getGoodsDetail.do?goodsNo=A000000255386&dispCatNo=90000010001&trackingCd=Home_Curation1_5&curation=like&egcode=a016_t001&rccode=pc_main_01_c&egrankcode=13&t_page=%ED%99%88&t_click=%ED%81%90%EB%A0%88%EC%9D%B4%EC%85%981_%EC%83%81%ED%92%88%EC%83%81%EC%84%B8&t_number=9,/static/oliveyoung_snapshots/A00000025538618ko.png,,,,,,
A000000171423,[6월 올영픽/4년 연속 1위] 어노브 딥 데미지 리페어 헤어 마스크 (트리트먼트/헤어팩) 320ml 더블/듀오 기획,어노브,unknown,28990,https://www.oliveyoung.co.kr/store/goods/getGoodsDetail.do?goodsNo=A000000171423&dispCatNo=90000010001&trackingCd=Home_Curation1_5&curation=like&egcode=a016_t001&rccode=pc_main_01_c&egrankcode=10&t_page=%ED%99%88&t_click=%ED%81%90%EB%A0%88%EC%9D%B4%EC%85%981_%EC%83%81%ED%92%88%EC%83%81%EC%84%B8&t_number=10,/static/oliveyoung_snapshots/A000000171423148ko.png,,,,,,
A000000235178,[1등모공앰플] 성분에디터 그린토마토 NMN 포어 리프팅 앰플 40ml 더블기획,성분에디터,serum,36000,https://www.oliveyoung.co.kr/store/goods/getGoodsDetail.do?goodsNo=A000000235178&dispCatNo=90000010001&trackingCd=Home_Curation2_1&curation=recent&egcode=m002_m002&rccode=pc_main_02_d&egrankcode=1&t_page=%ED%99%88&t_click=%ED%81%90%EB%A0%88%EC%9D%B4%EC%85%982_%EC%83%81%ED%92%88%EC%83%81%EC%84%B8&t_number=1,/static/oliveyoung_snapshots/A00000023517844ko.jpg,,,,,,
A000000217893,[카이스트특허기술] 그래비티 헤어리프팅 샴푸 엑스트라 스트롱 475ml,그래비티,unknown,38000,https://www.oliveyoung.co.kr/store/goods/getGoodsDetail.do?goodsNo=A000000217893&dispCatNo=90000010001&trackingCd=Home_Curation2_1&curation=recent&egcode=m002_m002&rccode=pc_main_02_d&egrankcode=2&t_page=%ED%99%88&t_click=%ED%81%90%EB%A0%88%EC%9D%B4%EC%85%982_%EC%83%81%ED%92%88%EC%83%81%EC%84%B8&t_number=2,/static/oliveyoung_snapshots/A00000021789320ko.jpg,,,,,,
A000000239102,[단독기획 8+1매] 메디힐 하이퍼 겔마스크 4종 (콜라겐/PDRN/마데카소사이드/히알루론산),메디힐,unknown,25200,https://www.oliveyoung.co.kr/store/goods/getGoodsDetail.do?goodsNo=A000000239102&dispCatNo=90000010001&trackingCd=Home_Curation2_2&curation=recent&egcode=m002_m002&rccode=pc_main_02_d&egrankcode=3&t_page=%ED%99%88&t_click=%ED%81%90%EB%A0%88%EC%9D%B4%EC%85%982_%EC%83%81%ED%92%88%EC%83%81%EC%84%B8&t_number=3,/static/oliveyoung_snapshots/A00000023910256ko.jpg,,,,,,
A000000232436,아비브 어성초 테카 캡슐 세럼 카밍 드롭 50ml 더블 기획,아비브,serum,29800,https://www.oliveyoung.co.kr/store/goods/getGoodsDetail.do?goodsNo=A000000232436&dispCatNo=90000010001&trackingCd=Home_Curation2_2&curation=recent&egcode=m002_m002&rccode=pc_main_02_d&egrankcode=9&t_page=%ED%99%88&t_click=%ED%81%90%EB%A0%88%EC%9D%B4%EC%85%982_%EC%83%81%ED%92%88%EC%83%81%EC%84%B8&t_number=4,/static/oliveyoung_snapshots/A00000023243630ko.png,,,,,,
A000000230208,[1+1/깐달걀피부결] 이니스프리 레티놀 시카 흔적 앰플 30ml 더블 기획,이니스프리,serum,27560,https://www.oliveyoung.co.kr/store/goods/getGoodsDetail.do?goodsNo=A000000230208&dispCatNo=90000010001&trackingCd=Home_Curation2_3&curation=recent&egcode=m002_m002&rccode=pc_main_02_d&egrankcode=10&t_page=%ED%99%88&t_click=%ED%81%90%EB%A0%88%EC%9D%B4%EC%85%982_%EC%83%81%ED%92%88%EC%83%81%EC%84%B8&t_number=5,/static/oliveyoung_snapshots/A00000023020867ko.png,,,,,,
A000000174309,[NEW젤테일] 홀리카홀리카 마이페이브 피스 아이섀도우/젤테일/피스 빔/피스 밤,홀리카홀리카,unknown,4900,https://www.oliveyoung.co.kr/store/goods/getGoodsDetail.do?goodsNo=A000000174309&dispCatNo=90000010001&trackingCd=Home_Curation2_3&curation=recent&egcode=m002_m002&rccode=pc_main_02_d&egrankcode=11&t_page=%ED%99%88&t_click=%ED%81%90%EB%A0%88%EC%9D%B4%EC%85%982_%EC%83%81%ED%92%88%EC%83%81%EC%84%B8&t_number=6,/static/oliveyoung_snapshots/A00000017430960ko.jpg,,,,,,
A000000180532,[NEW/크림블러셔 기획] 웨이크메이크 소프트 블러링 아이팔레트(단품/기획),웨이크메이크,unknown,23800,https://www.oliveyoung.co.kr/store/goods/getGoodsDetail.do?goodsNo=A000000180532&dispCatNo=90000010001&trackingCd=Home_Curation2_4&curation=recent&egcode=m002_m002&rccode=pc_main_02_d&egrankcode=12&t_page=%ED%99%88&t_click=%ED%81%90%EB%A0%88%EC%9D%B4%EC%85%982_%EC%83%81%ED%92%88%EC%83%81%EC%84%B8&t_number=7,/static/oliveyoung_snapshots/A000000180532231ko.jpg,,,,,,
A000000214907,[1등블랙헤드말끔/15g증정기획] 아렌시아 떡솝 프레시 클렌저 120g 기획 3종 (그린/로즈힙/블루히솝),아렌시아,cleanser,19500,https://www.oliveyoung.co.kr/store/goods/getGoodsDetail.do?goodsNo=A000000214907&dispCatNo=90000010001&trackingCd=Home_Curation2_4&curation=recent&egcode=m002_m002&rccode=pc_main_02_d&egrankcode=13&t_page=%ED%99%88&t_click=%ED%81%90%EB%A0%88%EC%9D%B4%EC%85%982_%EC%83%81%ED%92%88%EC%83%81%EC%84%B8&t_number=8,/static/oliveyoung_snapshots/A00000021490736ko.jpg,,,,,,
A000000235243,[1천만 지원금/톤업부스팅] 아이소이 브라이트닝 로즈PDRN 잡티세럼40ml 대용량 기획 (+20ml+미간패치 1세트),아이소이,serum,54000,https://www.oliveyoung.co.kr/store/goods/getGoodsDetail.do?goodsNo=A000000235243&dispCatNo=90000010001&trackingCd=Home_Curation2_5&curation=recent&egcode=m002_m002&rccode=pc_main_02_d&egrankcode=14&t_page=%ED%99%88&t_click=%ED%81%90%EB%A0%88%EC%9D%B4%EC%85%982_%EC%83%81%ED%92%88%EC%83%81%EC%84%B8&t_number=9,/static/oliveyoung_snapshots/A00000023524328ko.jpg,,,,,,
A000000253384,[포켓몬에디션/1+1/미스트증정] 닥터지 레드 블레미쉬 클리어 수딩크림EX70ml 증정 기획 2종,닥터지,moisturizer,38000,https://www.oliveyoung.co.kr/store/goods/getGoodsDetail.do?goodsNo=A000000253384&dispCatNo=90000010001&trackingCd=Home_Curation2_5&curation=recent&egcode=m002_m002&rccode=pc_main_02_d&egrankcode=15&t_page=%ED%99%88&t_click=%ED%81%90%EB%A0%88%EC%9D%B4%EC%85%982_%EC%83%81%ED%92%88%EC%83%81%EC%84%B8&t_number=10,/static/oliveyoung_snapshots/A00000025338420ko.jpg,,,,,,
A000000255585,[6월 올영픽/1+1/리뷰이벤트] 스킨푸드 캐롯 카로틴 카밍 워터 패드 60매 더블기획 (+PDRN 패드 2매*3),스킨푸드,toner,,https://www.oliveyoung.co.kr/store/goods/getGoodsDetail.do?goodsNo=A000000255585&dispCatNo=90000010001&trackingCd=Home_Planshop3&t_page=%ED%99%88&t_click=%EC%9D%B8%EA%B8%B0%ED%96%89%EC%82%AC_%ED%95%9C%EC%A0%95%EA%B8%B0%ED%9A%8D%ED%8C%A8%EB%93%9C_%EC%83%81%ED%92%88%EC%83%81%EC%84%B8&t_number=13,/static/oliveyoung_snapshots/A00000025558503ko.jpg,,,,,,
A000000255579,[6월 올영픽/고민영PICK/리뷰이벤트] 스킨푸드 당근 PDRN 속수분 패드 100매 기획 (+10매*3),스킨푸드,toner,,https://www.oliveyoung.co.kr/store/goods/getGoodsDetail.do?goodsNo=A000000255579&dispCatNo=90000010001&trackingCd=Home_Planshop3&t_page=%ED%99%88&t_click=%EC%9D%B8%EA%B8%B0%ED%96%89%EC%82%AC_%ED%95%9C%EC%A0%95%EA%B8%B0%ED%9A%8D%ED%8C%A8%EB%93%9C_%EC%83%81%ED%92%88%EC%83%81%EC%84%B8&t_number=14,/static/oliveyoung_snapshots/A00000025557905ko.jpg,,,,,,
A000000219609,[6월 올영픽/대용량] 파티온 노스카나인 트러블 세럼 50ml 리필 기획(+리필40ml+크림10ml),파티온,moisturizer,,https://www.oliveyoung.co.kr/store/goods/getGoodsDetail.do?goodsNo=A000000219609&dispCatNo=90000010001&trackingCd=Home_Planshop3&t_page=%ED%99%88&t_click=%EC%9D%B8%EA%B8%B0%ED%96%89%EC%82%AC_#%ED%8A%B8%EB%9F%AC%EB%B8%94%EC%BC%80%EC%96%B4_%EC%83%81%ED%92%88%EC%83%81%EC%84%B8&t_number=15,/static/oliveyoung_snapshots/A00000021960917ko.jpg,,,,,,
A000000232304,[6월 올영픽/대용량] 파티온 노스카나인 트러블 크림 75ml 기획(+5ml),파티온,moisturizer,,https://www.oliveyoung.co.kr/store/goods/getGoodsDetail.do?goodsNo=A000000232304&dispCatNo=90000010001&trackingCd=Home_Planshop3&t_page=%ED%99%88&t_click=%EC%9D%B8%EA%B8%B0%ED%96%89%EC%82%AC_#%ED%8A%B8%EB%9F%AC%EB%B8%94%EC%BC%80%EC%96%B4_%EC%83%81%ED%92%88%EC%83%81%EC%84%B8&t_number=16,/static/oliveyoung_snapshots/A00000023230411ko.jpg,,,,,,
A000000246062,바이오렉트라 칼슘 다이렉트 30포 (1개월분),바이오렉트라,unknown,,https://www.oliveyoung.co.kr/store/goods/getGoodsDetail.do?goodsNo=A000000246062&dispCatNo=90000010001&trackingCd=Home_Planshop3&t_page=%ED%99%88&t_click=%EC%9D%B8%EA%B8%B0%ED%96%89%EC%82%AC_#%EB%B0%94%EC%9D%B4%EC%98%A4%EB%A0%89%ED%8A%B8%EB%9D%BC_%EC%83%81%ED%92%88%EC%83%81%EC%84%B8&t_number=1,/static/oliveyoung_snapshots/A00000024606205ko.jpg,,,,,,
A000000247235,바이오렉트라 비타민D 다이렉트 30포 (1개월분),바이오렉트라,unknown,,https://www.oliveyoung.co.kr/store/goods/getGoodsDetail.do?goodsNo=A000000247235&dispCatNo=90000010001&trackingCd=Home_Planshop3&t_page=%ED%99%88&t_click=%EC%9D%B8%EA%B8%B0%ED%96%89%EC%82%AC_#%EB%B0%94%EC%9D%B4%EC%98%A4%EB%A0%89%ED%8A%B8%EB%9D%BC_%EC%83%81%ED%92%88%EC%83%81%EC%84%B8&t_number=2,/static/oliveyoung_snapshots/A00000024723505ko.jpg,,,,,,
A000000231574,[6/15 하루특가/주문건당 증정]딜라이트 프로젝트 단백질쉐이크 모음전(1개입/7개입/통),딜라이트 프로젝트,unknown,,https://www.oliveyoung.co.kr/store/goods/getGoodsDetail.do?goodsNo=A000000231574&dispCatNo=90000010001&trackingCd=Home_Planshop3&t_page=%ED%99%88&t_click=%EC%9D%B8%EA%B8%B0%ED%96%89%EC%82%AC_%ED%94%84%EB%A1%9C%ED%8B%B4_%EC%83%81%ED%92%88%EC%83%81%EC%84%B8&t_number=3,/static/oliveyoung_snapshots/A00000023157446ko.jpg,,,,,,
A000000238537,딜라이트 프로젝트 단백질 스낵 모음전 (프로틴 베이글칩&베이커리칩),딜라이트 프로젝트,unknown,,https://www.oliveyoung.co.kr/store/goods/getGoodsDetail.do?goodsNo=A000000238537&dispCatNo=90000010001&trackingCd=Home_Planshop3&t_page=%ED%99%88&t_click=%EC%9D%B8%EA%B8%B0%ED%96%89%EC%82%AC_%ED%94%84%EB%A1%9C%ED%8B%B4_%EC%83%81%ED%92%88%EC%83%81%EC%84%B8&t_number=4,/static/oliveyoung_snapshots/A00000023853703ko.jpg,,,,,,
A000000256042,[6월 올영픽][NEW] 베리시 트라이앵글 니플패치 (S/M/L),베리시,unknown,,https://www.oliveyoung.co.kr/store/goods/getGoodsDetail.do?goodsNo=A000000256042&dispCatNo=90000010001&trackingCd=Home_Planshop3&t_page=%ED%99%88&t_click=%EC%9D%B8%EA%B8%B0%ED%96%89%EC%82%AC_#%EB%B2%A0%EB%A6%AC%EC%8B%9CNEW%EC%8D%B8%EB%A8%B8%ED%85%9C_%EC%83%81%ED%92%88%EC%83%81%EC%84%B8&t_number=5,/static/oliveyoung_snapshots/A00000025604204ko.jpg,,,,,,
A000000256044,[6월 올영픽][NEW] 베리시 푸시업 누드브라 (XS/S/M/L),베리시,unknown,,https://www.oliveyoung.co.kr/store/goods/getGoodsDetail.do?goodsNo=A000000256044&dispCatNo=90000010001&trackingCd=Home_Planshop3&t_page=%ED%99%88&t_click=%EC%9D%B8%EA%B8%B0%ED%96%89%EC%82%AC_#%EB%B2%A0%EB%A6%AC%EC%8B%9CNEW%EC%8D%B8%EB%A8%B8%ED%85%9C_%EC%83%81%ED%92%88%EC%83%81%EC%84%B8&t_number=6,/static/oliveyoung_snapshots/A00000025604406ko.jpg,,,,,,
A000000131722,[구강 항균효과] 세노비스 프로폴리스 스프레이 25ml (41회분),세노비스,unknown,,https://www.oliveyoung.co.kr/store/goods/getGoodsDetail.do?goodsNo=A000000131722&dispCatNo=90000010001&trackingCd=Home_Planshop3&t_page=%ED%99%88&t_click=%EC%9D%B8%EA%B8%B0%ED%96%89%EC%82%AC_%EB%8D%B0%EC%9D%BC%EB%A6%AC%20%EA%B5%AC%EA%B0%95%20%EB%A3%A8%ED%8B%B4_%EC%83%81%ED%92%88%EC%83%81%EC%84%B8&t_number=7,/static/oliveyoung_snapshots/A00000013172209ko.jpg,,,,,,
A000000151959,[고불소] 콜게이트 프로텍션 치약 100g 기획/단품 2종 택1 (레귤러/쿨민트),콜게이트,unknown,,https://www.oliveyoung.co.kr/store/goods/getGoodsDetail.do?goodsNo=A000000151959&dispCatNo=90000010001&trackingCd=Home_Planshop3&t_page=%ED%99%88&t_click=%EC%9D%B8%EA%B8%B0%ED%96%89%EC%82%AC_%EB%8D%B0%EC%9D%BC%EB%A6%AC%20%EA%B5%AC%EA%B0%95%20%EB%A3%A8%ED%8B%B4_%EC%83%81%ED%92%88%EC%83%81%EC%84%B8&t_number=8,/static/oliveyoung_snapshots/A00000015195908ko.jpg,,,,,,
A000000223801,[6월 올영픽/쿨링타월키링기획] 쉬크 인튜이션 버라이어티 곰돌찡/토끼찡 에디션 제모기 4종 택1(기+날4입),쉬크,unknown,,https://www.oliveyoung.co.kr/store/goods/getGoodsDetail.do?goodsNo=A000000223801&dispCatNo=90000010001&trackingCd=Home_Planshop3&t_page=%ED%99%88&t_click=%EC%9D%B8%EA%B8%B0%ED%96%89%EC%82%AC_%EC%97%AC%EB%A6%84%EC%A4%80%EB%B9%84%20%EC%A0%9C%EB%AA%A8_%EC%83%81%ED%92%88%EC%83%81%EC%84%B8&t_number=9,/static/oliveyoung_snapshots/A00000022380141ko.png,,,,,,
A000000223803,쉬크 인튜이션 토끼찡 곰돌찡 에디션 제모기 2종 택 1 (기+날1입),쉬크,unknown,,https://www.oliveyoung.co.kr/store/goods/getGoodsDetail.do?goodsNo=A000000223803&dispCatNo=90000010001&trackingCd=Home_Planshop3&t_page=%ED%99%88&t_click=%EC%9D%B8%EA%B8%B0%ED%96%89%EC%82%AC_%EC%97%AC%EB%A6%84%EC%A4%80%EB%B9%84%20%EC%A0%9C%EB%AA%A8_%EC%83%81%ED%92%88%EC%83%81%EC%84%B8&t_number=10,/static/oliveyoung_snapshots/A00000022380313ko.jpg,,,,,,
A000000219515,[박지훈 PICK/거울키링 증정] 포맨트 시그니처 헤어 퍼퓸 코튼메모리 30ml (포켓몬 에디션),포맨트,unknown,,https://www.oliveyoung.co.kr/store/goods/getGoodsDetail.do?goodsNo=A000000219515&dispCatNo=90000010001&trackingCd=Home_Planshop3&t_page=%ED%99%88&t_click=%EC%9D%B8%EA%B8%B0%ED%96%89%EC%82%AC_#%ED%97%A4%EC%96%B4%ED%8D%BC%ED%93%B8%20#%ED%8D%BC%ED%93%B8_%EC%83%81%ED%92%88%EC%83%81%EC%84%B8&t_number=11,/static/oliveyoung_snapshots/A00000021951541ko.jpg,,,,,,
A000000245464,[NEW 기획 런칭] 투크 실루엣 헤어 퍼퓸 68ml 기획 4종 택1,투크,unknown,,https://www.oliveyoung.co.kr/store/goods/getGoodsDetail.do?goodsNo=A000000245464&dispCatNo=90000010001&trackingCd=Home_Planshop3&t_page=%ED%99%88&t_click=%EC%9D%B8%EA%B8%B0%ED%96%89%EC%82%AC_#%ED%97%A4%EC%96%B4%ED%8D%BC%ED%93%B8%20#%ED%8D%BC%ED%93%B8_%EC%83%81%ED%92%88%EC%83%81%EC%84%B8&t_number=12,/static/oliveyoung_snapshots/A00000024546417ko.jpg,,,,,,
A000000219553,[6월 올영픽/텔레토비 콜라보] 구달 맑은 어성초 진정 수분 선크림 50ml 1+1 기획 (+피규어 1종),구달,sunscreen,,https://www.oliveyoung.co.kr/store/goods/getGoodsDetail.do?goodsNo=A000000219553&dispCatNo=90000010001&trackingCd=Home_Recommand&t_page=%ED%99%88&t_click=%EC%9D%B4%EC%83%81%ED%92%88%EC%96%B4%EB%95%8C%EC%9A%94_%EC%83%81%ED%92%88%EC%83%81%EC%84%B8&t_number=9,/static/oliveyoung_snapshots/A00000021955348ko.jpg,,,,,,
A000000255124,[6월올영픽/1+1] 라운드랩 자작나무 수분 선크림 50ml 1+1 기획 (+여행용 20ml),라운드랩,sunscreen,,https://www.oliveyoung.co.kr/store/goods/getGoodsDetail.do?goodsNo=A000000255124&dispCatNo=90000010001&trackingCd=Home_Recommand&t_page=%ED%99%88&t_click=%EC%9D%B4%EC%83%81%ED%92%88%EC%96%B4%EB%95%8C%EC%9A%94_%EC%83%81%ED%92%88%EC%83%81%EC%84%B8&t_number=10,/static/oliveyoung_snapshots/A00000025512413ko.jpg,,,,,,
A000000137728,그레이멜린 카놀라크레이지 클렌징오일 더블 기획 **,그레이멜린,cleanser,,https://www.oliveyoung.co.kr/store/goods/getGoodsDetail.do?goodsNo=A000000137728&dispCatNo=90000010001&trackingCd=Home_Recommand&t_page=%ED%99%88&t_click=%EC%9D%B4%EC%83%81%ED%92%88%EC%96%B4%EB%95%8C%EC%9A%94_%EC%83%81%ED%92%88%EC%83%81%EC%84%B8&t_number=11,/static/oliveyoung_snapshots/A00000013772820ko.jpg,,,,,,
A000000233390,[6/15하루특가][모공고민] 바이오힐보 프로바이오덤 콜라겐 리모델링 세럼 30ml (단품/더블기획),바이오힐보,serum,,https://www.oliveyoung.co.kr/store/goods/getGoodsDetail.do?goodsNo=A000000233390&dispCatNo=90000010001&trackingCd=Home_Recommand&t_page=%ED%99%88&t_click=%EC%9D%B4%EC%83%81%ED%92%88%EC%96%B4%EB%95%8C%EC%9A%94_%EC%83%81%ED%92%88%EC%83%81%EC%84%B8&t_number=12,/static/oliveyoung_snapshots/A00000023339048ko.jpg,,,,,,
A000000223483,[6월 올영픽]피지오겔 아쿠아 포맨 오일컷 올인원 100ml (단품/기획),피지오겔,unknown,,https://www.oliveyoung.co.kr/store/goods/getGoodsDetail.do?goodsNo=A000000223483&dispCatNo=90000010001&trackingCd=Home_Recommand&t_page=%ED%99%88&t_click=%EC%9D%B4%EC%83%81%ED%92%88%EC%96%B4%EB%95%8C%EC%9A%94_%EC%83%81%ED%92%88%EC%83%81%EC%84%B8&t_number=1,/static/oliveyoung_snapshots/A00000022348336ko.jpg,,,,,,
A000000244929,[포켓몬 에디션] 지노마스터 질유산균 30캡슐 (+포켓몬 카드케이스 증정) (30일분) (OY단독),지노마스터,unknown,,https://www.oliveyoung.co.kr/store/goods/getGoodsDetail.do?goodsNo=A000000244929&dispCatNo=90000010001&trackingCd=Home_Recommand&t_page=%ED%99%88&t_click=%EC%9D%B4%EC%83%81%ED%92%88%EC%96%B4%EB%95%8C%EC%9A%94_%EC%83%81%ED%92%88%EC%83%81%EC%84%B8&t_number=2,/static/oliveyoung_snapshots/A00000024492926ko.png,,,,,,
A000000247861,[6월 올영픽/골라담기] CJ웰케어 건강루틴 가격혁명 10종 택 1,씨제이웰케어,unknown,,https://www.oliveyoung.co.kr/store/goods/getGoodsDetail.do?goodsNo=A000000247861&dispCatNo=90000010001&trackingCd=Home_Recommand&t_page=%ED%99%88&t_click=%EC%9D%B4%EC%83%81%ED%92%88%EC%96%B4%EB%95%8C%EC%9A%94_%EC%83%81%ED%92%88%EC%83%81%EC%84%B8&t_number=3,/static/oliveyoung_snapshots/A00000024786104ko.jpg,,,,,,
A000000255326,[6월 올영픽/한정기획] 아누아 피디알엔 히알루론산 100 수분 크림 60ml 2입 기획 (+피디알엔 토너 40ml),아누아,toner,,https://www.oliveyoung.co.kr/store/goods/getGoodsDetail.do?goodsNo=A000000255326&dispCatNo=90000010001&trackingCd=Home_Recommand&t_page=%ED%99%88&t_click=%EC%9D%B4%EC%83%81%ED%92%88%EC%96%B4%EB%95%8C%EC%9A%94_%EC%83%81%ED%92%88%EC%83%81%EC%84%B8&t_number=4,/static/oliveyoung_snapshots/A00000025532627ko.png,,,,,,
A000000227157,[몰티즈&리트리버 / 6월 올영픽] 리필드 사이토카인 아이래쉬 듀얼 앰플 10ml 기획 (+핸드미러),리필드,serum,,https://www.oliveyoung.co.kr/store/goods/getGoodsDetail.do?goodsNo=A000000227157&dispCatNo=90000010001&trackingCd=Home_Recommand&t_page=%ED%99%88&t_click=%EC%9D%B4%EC%83%81%ED%92%88%EC%96%B4%EB%95%8C%EC%9A%94_%EC%83%81%ED%92%88%EC%83%81%EC%84%B8&t_number=5,/static/oliveyoung_snapshots/A00000022715728ko.png,,,,,,
A000000223414,[6월 올영픽/15년 연속 1위] 메디힐 에센셜 마스크팩 10/10+1매 기획 7종 골라담기,메디힐,unknown,,https://www.oliveyoung.co.kr/store/goods/getGoodsDetail.do?goodsNo=A000000223414&dispCatNo=90000010001&trackingCd=Home_Recommand&t_page=%ED%99%88&t_click=%EC%9D%B4%EC%83%81%ED%92%88%EC%96%B4%EB%95%8C%EC%9A%94_%EC%83%81%ED%92%88%EC%83%81%EC%84%B8&t_number=6,/static/oliveyoung_snapshots/A000000223414114ko.jpg,,,,,,
A000000223504,[1+1/교차증정] 타입넘버 센티드 쿨링 시트 15매 3종,타입넘버,unknown,4800,https://www.oliveyoung.co.kr/store/goods/getGoodsDetail.do?goodsNo=A000000223504&dispCatNo=90000010001,,,,,,,
A000000165760,타입넘버 핸드크림 40ml 6종 (기획/단품),타입넘버,unknown,10800,https://www.oliveyoung.co.kr/store/goods/getGoodsDetail.do?goodsNo=A000000165760&dispCatNo=90000010001,,,,,,,
A000000257755,[한정수량 피치 에디션] 유시몰 피치 화이트닝 치약 106g (+하트 괄사),유시몰,unknown,12900,https://www.oliveyoung.co.kr/store/goods/getGoodsDetail.do?goodsNo=A000000257755&dispCatNo=90000010001,,,,,,,
A000000251055,유시몰 퍼플코렉터  여행용 캐리어 기획 (+DIY스티커) (바비 콜라보),유시몰,unknown,13900,https://www.oliveyoung.co.kr/store/goods/getGoodsDetail.do?goodsNo=A000000251055&dispCatNo=90000010001,,,,,,,
A000000250705,[2026 NEW] 좋은느낌 썸머 생리대 4종 택1 (패드/입는오버나이트) (중형/대형),좋은느낌,unknown,5900,https://www.oliveyoung.co.kr/store/goods/getGoodsDetail.do?goodsNo=A000000250705&dispCatNo=90000010001,,,,,,,
A000000223388,[NEW] 좋은느낌 유기농100%순면 생리대 (소/중/대/수퍼롱),좋은느낌,unknown,9200,https://www.oliveyoung.co.kr/store/goods/getGoodsDetail.do?goodsNo=A000000223388&dispCatNo=90000010001,,,,,,,
A000000227931,[6월 올영픽]슬림9 Y존압박프리 네모팬티 & 아이스인견 택1 (S/M/L),슬림9,unknown,18400,https://www.oliveyoung.co.kr/store/goods/getGoodsDetail.do?goodsNo=A000000227931&dispCatNo=90000010001,,,,,,,
A000000226837,[6월올영픽/쿨링팬티] 슬림9 네모팬티 아이스인견 4 color 택 1 (S/M/L),슬림9,unknown,18400,https://www.oliveyoung.co.kr/store/goods/getGoodsDetail.do?goodsNo=A000000226837&dispCatNo=90000010001,,,,,,,
A000000247569,[6월 올영픽] 온리추얼 슬리밍컷 다이어트 7포 (+1포 증정) (8일분),온리추얼,unknown,14400,https://www.oliveyoung.co.kr/store/goods/getGoodsDetail.do?goodsNo=A000000247569&dispCatNo=90000010001,,,,,,,
A000000249190,[6월 올영픽] 온리추얼 리셋 브이라인 7포 (+1포 증정) (8일분),온리추얼,unknown,15400,https://www.oliveyoung.co.kr/store/goods/getGoodsDetail.do?goodsNo=A000000249190&dispCatNo=90000010001,,,,,,,
A000000230280,라티브 올리브레몬샷 14개입,라티브,unknown,37050,https://www.oliveyoung.co.kr/store/goods/getGoodsDetail.do?goodsNo=A000000230280&dispCatNo=90000010001,,,,,,,
A000000232294,[단독기획] 라티브 올리브레몬샷 기획세트 5+1개,라티브,unknown,13700,https://www.oliveyoung.co.kr/store/goods/getGoodsDetail.do?goodsNo=A000000232294&dispCatNo=90000010001,,,,,,,
A000000255724,[토이스토리5 증정팩/6월올영픽] 세타필 모이스춰라이징 로션 1L/각질제거 SA 로션&워시 473ml,세타필,moisturizer,17800,https://www.oliveyoung.co.kr/store/goods/getGoodsDetail.do?goodsNo=A000000255724&dispCatNo=90000010001,,,,,,,
A000000157452,[토이스토리5 증정팩/6월올영픽] 세타필 모이스춰라이징 로션 1L (+맥세이프 카드지갑),세타필,moisturizer,20900,https://www.oliveyoung.co.kr/store/goods/getGoodsDetail.do?goodsNo=A000000157452&dispCatNo=90000010001,,,,,,,
A000000251747,[탈모증상완화/알러젠프리향] 애쉬로렌 독일 맥주효모 샴푸 500ml,애쉬로렌,unknown,17800,https://www.oliveyoung.co.kr/store/goods/getGoodsDetail.do?goodsNo=A000000251747&dispCatNo=90000010001,,,,,,,
A000000251748,[두피사용가능] 애쉬로렌 독일 맥주효모 트리트먼트 500ml,애쉬로렌,unknown,17800,https://www.oliveyoung.co.kr/store/goods/getGoodsDetail.do?goodsNo=A000000251748&dispCatNo=90000010001,,,,,,,
A000000224784,스침 섬유 공간 향수 단품/기획 19종,스침,unknown,14400,https://www.oliveyoung.co.kr/store/goods/getGoodsDetail.do?goodsNo=A000000224784&dispCatNo=90000010001,,,,,,,
A000000225033,스침 섬유 공간 향수 200ml 토마트 잇 미엘,스침,unknown,14400,https://www.oliveyoung.co.kr/store/goods/getGoodsDetail.do?goodsNo=A000000225033&dispCatNo=90000010001,,,,,,,
A000000187675,[6월올영픽/박재훈PICK] 라운드랩 포 맨 자작나무 토너/로션 2종기획 (토너 300ml+미니세트 or 폼 40ml),라운드랩,toner,28500,https://www.oliveyoung.co.kr/store/goods/getGoodsDetail.do?goodsNo=A000000187675&dispCatNo=90000010001,,,,,,,
A000000195970,[6월올영픽/박재훈PICK] 라운드랩 포 맨 자작나무 토너/크림 2종기획 (토너 300ml+미니세트 or 폼 40ml),라운드랩,toner,28900,https://www.oliveyoung.co.kr/store/goods/getGoodsDetail.do?goodsNo=A000000195970&dispCatNo=90000010001,,,,,,,
A000000254446,[6/15하루특가][화잘먹미스트] 바이오힐보 프로바이오덤 콜라겐 리모델링 세럼 겔 미스트 100mL,바이오힐보,serum,15700,https://www.oliveyoung.co.kr/store/goods/getGoodsDetail.do?goodsNo=A000000254446,/static/oliveyoung_snapshots/A00000025444608ko.jpg,,,,,,
A000000257831,[NEW/수정화장 파우더] 네이밍 리터치 젤리 파우더 팩트 9g 3colors,네이밍,unknown,10900,https://www.oliveyoung.co.kr/store/goods/getGoodsDetail.do?goodsNo=A000000257831,/static/oliveyoung_snapshots/A00000025783110ko.jpg,,,,,,
A000000255391,[6월 올영픽/한정기획] 메디힐 마데카소사이드 수분 선세럼 흔적 리페어 50+50g,메디힐,sunscreen,22200,https://www.oliveyoung.co.kr/store/goods/getGoodsDetail.do?goodsNo=A000000255391,/static/oliveyoung_snapshots/A00000025539150ko.jpg,,,,,,
A000000192782,[1+1/1등 모공 수분천재크림] 에스네이처 아쿠아 스쿠알란 수분크림 60ml 더블기획,에스네이처,moisturizer,22330,https://www.oliveyoung.co.kr/store/goods/getGoodsDetail.do?goodsNo=A000000192782,/static/oliveyoung_snapshots/A00000019278284ko.png,,,,,,
A000000256108,[신제품증정] 바이오던스 리얼 딥 마스크 7매 기획(콜라겐/세라놀) (+캐비어 PDRN 듀얼 겔 패드 10매),바이오던스,toner,29900,https://www.oliveyoung.co.kr/store/goods/getGoodsDetail.do?goodsNo=A000000256108,/static/oliveyoung_snapshots/A00000025610809ko.jpg,,,,,,
A000000250199,[단독기획/모공탄력] 셀리맥스 더 비타 A 레티날 샷 타이트닝 부스터 15ml 기획(+3ml),셀리맥스,serum,23100,https://www.oliveyoung.co.kr/store/goods/getGoodsDetail.do?goodsNo=A000000250199,/static/oliveyoung_snapshots/A00000025019916ko.png,,,,,,
${goodsNo},${goodsNm},${onlBrndNm},serum,,https://www.oliveyoung.co.kr/store/goods/getGoodsDetail.do?goodsNo=${goodsNo},https://image.oliveyoung.co.kr/cfimages/cf-goods/uploads/images/thumbnails/550/${imgPathNm},,,,,,
